{
  "detections": {
    "\u0410\u041f\u0417-2_page_3.png": [
      {
        "box": [
          1096.3140869140625,
          1589.755859375,
          1151.867431640625,
          1642.556884765625
        ],
        "confidence": 0.9348756074905396,
        "class_id": 0,
        "class_name": "qr"
      }
    ],
    "\u0410\u041f\u0417-2_page_4.png": [
      {
        "box": [
          1086.780517578125,
          1585.1993408203125,
          1146.0382080078125,
          1644.2781982421875
        ],
        "confidence": 0.9016603827476501,
        "class_id": 0,
        "class_name": "qr"
      }
    ],
    "\u0410\u041f\u0417-2_page_5.png": [
      {
        "box": [
          1082.47509765625,
          1585.34130859375,
          1138.4566650390625,
          1643.013671875
        ],
        "confidence": 0.9107905626296997,
        "class_id": 0,
        "class_name": "qr"
      }
    ],
    "\u0410\u041f\u0417-2_page_7.png": [
      {
        "box": [
          1082.44287109375,
          1577.1337890625,
          1139.4969482421875,
          1636.08447265625
        ],
        "confidence": 0.8792659640312195,
        "class_id": 0,
        "class_name": "qr"
      }
    ],
    "\u0410\u041f\u0417-31-_page_1.png": [
      {
        "box": [
          1086.51904296875,
          1571.525634765625,
          1148.32958984375,
          1634.627197265625
        ],
        "confidence": 0.9123539328575134,
        "class_id": 0,
        "class_name": "qr"
      }
    ],
    "\u0410\u041f\u0417-41-\u0447\u0431_page_7.png": [
      {
        "box": [
          1096.210693359375,
          1589.7310791015625,
          1151.725830078125,
          1642.568115234375
        ],
        "confidence": 0.92557692527771,
        "class_id": 0,
        "class_name": "qr"
      }
    ],
    "\u0410\u041f\u0417-_page_2.png": [
      {
        "box": [
          1094.9189453125,
          1580.02001953125,
          1146.9122314453125,
          1631.6669921875
        ],
        "confidence": 0.9061521291732788,
        "class_id": 0,
        "class_name": "qr"
      }
    ],
    "\u0410\u041f\u0417-_page_7.png": [
      {
        "box": [
          1089.348876953125,
          1573.30029296875,
          1144.708251953125,
          1632.3331298828125
        ],
        "confidence": 0.8898652195930481,
        "class_id": 0,
        "class_name": "qr"
      }
    ],
    "\u041b\u043e\u043a\u0430\u043b\u0441\u043c\u0435\u0442\u0430-2_page_3.png": [
      {
        "box": [
          704.4635620117188,
          183.70823669433594,
          802.2020263671875,
          224.7472381591797
        ],
        "confidence": 0.6355738043785095,
        "class_id": 1,
        "class_name": "signature"
      },
      {
        "box": [
          704.2894897460938,
          238.4871063232422,
          852.5731811523438,
          289.37530517578125
        ],
        "confidence": 0.5615720152854919,
        "class_id": 1,
        "class_name": "signature"
      }
    ],
    "\u0422\u0417-41-\u0447\u0431_page_1.png": [
      {
        "box": [
          690.6620483398438,
          150.79661560058594,
          917.8975219726562,
          384.1484680175781
        ],
        "confidence": 0.9427855610847473,
        "class_id": 2,
        "class_name": "stamp"
      },
      {
        "box": [
          787.6480712890625,
          191.37136840820312,
          863.2369384765625,
          227.37765502929688
        ],
        "confidence": 0.534057080745697,
        "class_id": 1,
        "class_name": "signature"
      }
    ],
    "\u0422\u0423-31-_page_2.png": [
      {
        "box": [
          450.8644714355469,
          866.3613891601562,
          675.6998291015625,
          1099.0841064453125
        ],
        "confidence": 0.9399546980857849,
        "class_id": 2,
        "class_name": "stamp"
      },
      {
        "box": [
          589.3705444335938,
          746.8474731445312,
          809.6256103515625,
          968.0160522460938
        ],
        "confidence": 0.9311128258705139,
        "class_id": 2,
        "class_name": "stamp"
      },
      {
        "box": [
          623.5618896484375,
          966.6940307617188,
          801.8012084960938,
          1030.53173828125
        ],
        "confidence": 0.31885674595832825,
        "class_id": 1,
        "class_name": "signature"
      },
      {
        "box": [
          700.6417236328125,
          817.1351318359375,
          849.9378662109375,
          869.7720336914062
        ],
        "confidence": 0.27558767795562744,
        "class_id": 1,
        "class_name": "signature"
      }
    ],
    "\u0422\u0423-_page_2.png": [
      {
        "box": [
          450.09197998046875,
          865.4534301757812,
          677.8477172851562,
          1100.4703369140625
        ],
        "confidence": 0.940613329410553,
        "class_id": 2,
        "class_name": "stamp"
      },
      {
        "box": [
          590.21728515625,
          744.052490234375,
          810.4786376953125,
          967.8533325195312
        ],
        "confidence": 0.9253889322280884,
        "class_id": 2,
        "class_name": "stamp"
      },
      {
        "box": [
          654.603271484375,
          965.1945190429688,
          801.3873291015625,
          1026.2535400390625
        ],
        "confidence": 0.38997116684913635,
        "class_id": 1,
        "class_name": "signature"
      },
      {
        "box": [
          723.5328979492188,
          821.8034057617188,
          848.3428344726562,
          868.9721069335938
        ],
        "confidence": 0.3085799515247345,
        "class_id": 1,
        "class_name": "signature"
      }
    ],
    "\u0434\u0435\u0444\u0435\u043a\u0442-41-\u0447\u0431_page_2.png": [
      {
        "box": [
          500.0943298339844,
          526.8826293945312,
          732.1488647460938,
          756.2401123046875
        ],
        "confidence": 0.9539920687675476,
        "class_id": 2,
        "class_name": "stamp"
      },
      {
        "box": [
          518.7293701171875,
          427.4967956542969,
          581.047119140625,
          473.3204345703125
        ],
        "confidence": 0.6834261417388916,
        "class_id": 1,
        "class_name": "signature"
      },
      {
        "box": [
          515.5380859375,
          512.3224487304688,
          596.4851684570312,
          551.7141723632812
        ],
        "confidence": 0.5996833443641663,
        "class_id": 1,
        "class_name": "signature"
      },
      {
        "box": [
          708.4212036132812,
          746.798583984375,
          799.0531616210938,
          803.5896606445312
        ],
        "confidence": 0.5676992535591125,
        "class_id": 1,
        "class_name": "signature",
        "grouped": true,
        "group_count": 2
      },
      {
        "box": [
          506.88372802734375,
          639.1073608398438,
          657.2275390625,
          719.4267578125
        ],
        "confidence": 0.367704302072525,
        "class_id": 1,
        "class_name": "signature",
        "grouped": true,
        "group_count": 2
      },
      {
        "box": [
          536.1209716796875,
          573.4465942382812,
          607.17724609375,
          616.4846801757812
        ],
        "confidence": 0.3205486536026001,
        "class_id": 1,
        "class_name": "signature"
      }
    ],
    "\u043e\u0442\u0440-1_page_1.png": [
      {
        "box": [
          515.4678955078125,
          854.1947631835938,
          745.7027587890625,
          1084.95556640625
        ],
        "confidence": 0.9189762473106384,
        "class_id": 2,
        "class_name": "stamp"
      },
      {
        "box": [
          435.5319519042969,
          871.207763671875,
          660.9631958007812,
          974.3462524414062
        ],
        "confidence": 0.5872905254364014,
        "class_id": 1,